n_sick,calls,n_duty,n_sby,diff_drivers,year,month,day_of_week,week
73,8154.0,1700,90,1627,2016,4,4,13
64,8526.0,1700,90,1636,2016,4,5,13
68,8088.0,1700,90,1632,2016,4,6,13
71,7044.0,1700,90,1629,2016,4,0,14
63,7236.0,1700,90,1637,2016,4,1,14
70,6492.0,1700,90,1630,2016,4,2,14
64,6204.0,1700,90,1636,2016,4,3,14
62,7614.0,1700,90,1638,2016,4,4,14
51,5706.0,1700,90,1649,2016,4,5,14
54,6606.0,1700,90,1646,2016,4,6,14
50,6822.0,1700,90,1650,2016,4,0,15
49,6060.0,1700,90,1651,2016,4,1,15
53,5964.0,1700,90,1647,2016,4,2,15
52,5928.0,1700,90,1648,2016,4,3,15
63,7608.0,1700,90,1637,2016,4,4,15
55,6768.0,1700,90,1645,2016,4,5,15
51,7242.0,1700,90,1649,2016,4,6,15
59,6768.0,1700,90,1641,2016,4,0,16
57,8676.0,1700,90,1643,2016,4,1,16
53,6270.0,1700,90,1647,2016,4,2,16
63,7818.0,1700,90,1637,2016,4,3,16
68,5712.0,1700,90,1632,2016,4,4,16
62,5166.0,1700,90,1638,2016,4,5,16
71,4884.0,1700,90,1629,2016,4,6,16
72,5880.0,1700,90,1628,2016,4,0,17
65,6576.0,1700,90,1635,2016,4,1,17
62,7620.0,1700,90,1638,2016,4,2,17
66,6870.0,1700,90,1634,2016,4,3,17
64,7554.0,1700,90,1636,2016,4,4,17
65,5424.0,1700,90,1635,2016,4,5,17
54,8400.0,1700,90,1646,2016,5,6,17
63,7782.0,1700,90,1637,2016,5,0,18
61,7716.0,1700,90,1639,2016,5,1,18
58,8340.0,1700,90,1642,2016,5,2,18
57,8064.0,1700,90,1643,2016,5,3,18
59,7404.0,1700,90,1641,2016,5,4,18
57,8868.0,1700,90,1643,2016,5,5,18
61,6504.0,1700,90,1639,2016,5,6,18
65,7788.0,1700,90,1635,2016,5,0,19
68,6978.0,1700,90,1632,2016,5,1,19
61,7512.0,1700,90,1639,2016,5,2,19
55,7434.0,1700,90,1645,2016,5,3,19
56,8370.0,1700,90,1644,2016,5,4,19
50,8136.0,1700,90,1650,2016,5,5,19
57,7674.0,1700,90,1643,2016,5,6,19
52,9048.0,1700,90,1648,2016,5,0,20
53,8550.0,1700,90,1647,2016,5,1,20
52,8184.0,1700,90,1648,2016,5,2,20
51,8352.0,1700,90,1649,2016,5,3,20
57,5790.0,1700,90,1643,2016,5,4,20
56,8382.0,1700,90,1644,2016,5,5,20
58,6516.0,1700,90,1642,2016,5,6,20
57,7824.0,1700,90,1643,2016,5,0,21
55,6312.0,1700,90,1645,2016,5,1,21
49,8196.0,1700,90,1651,2016,5,2,21
46,8124.0,1700,90,1654,2016,5,3,21
50,6084.0,1700,90,1650,2016,5,4,21
50,6174.0,1700,90,1650,2016,5,5,21
52,6984.0,1700,90,1648,2016,5,6,21
59,8670.0,1700,90,1641,2016,5,0,22
59,8004.0,1700,90,1641,2016,5,1,22
64,7656.0,1700,90,1636,2016,6,2,22
63,8298.0,1700,90,1637,2016,6,3,22
69,8922.0,1700,90,1631,2016,6,4,22
67,9426.0,1700,90,1633,2016,6,5,22
61,8514.0,1700,90,1639,2016,6,6,22
62,9426.0,1700,90,1638,2016,6,0,23
53,9414.0,1700,90,1647,2016,6,1,23
50,7260.0,1700,90,1650,2016,6,2,23
48,6762.0,1700,90,1652,2016,6,3,23
53,7230.0,1700,90,1647,2016,6,4,23
51,7710.0,1700,90,1649,2016,6,5,23
59,6462.0,1700,90,1641,2016,6,6,23
66,8790.0,1700,90,1634,2016,6,0,24
58,8160.0,1700,90,1642,2016,6,1,24
53,8538.0,1700,90,1647,2016,6,2,24
55,8094.0,1700,90,1645,2016,6,3,24
54,6918.0,1700,90,1646,2016,6,4,24
54,6894.0,1700,90,1646,2016,6,5,24
56,6840.0,1700,90,1644,2016,6,6,24
57,8562.0,1700,90,1643,2016,6,0,25
60,8754.0,1700,90,1640,2016,6,1,25
61,8058.0,1700,90,1639,2016,6,2,25
60,8316.0,1700,90,1640,2016,6,3,25
53,5916.0,1700,90,1647,2016,6,4,25
45,7272.0,1700,90,1655,2016,6,5,25
48,7794.0,1700,90,1652,2016,6,6,25
50,8964.0,1700,90,1650,2016,6,0,26
44,7788.0,1700,90,1656,2016,6,1,26
44,6600.0,1700,90,1656,2016,6,2,26
48,6708.0,1700,90,1652,2016,6,3,26
41,8742.0,1700,90,1659,2016,7,4,26
40,7116.0,1700,90,1660,2016,7,5,26
46,8376.0,1700,90,1654,2016,7,6,26
50,8526.0,1700,90,1650,2016,7,0,27
47,8550.0,1700,90,1653,2016,7,1,27
51,9702.0,1700,90,1649,2016,7,2,27
60,8442.0,1700,90,1640,2016,7,3,27
64,9024.0,1700,90,1636,2016,7,4,27
69,8532.0,1700,90,1631,2016,7,5,27
70,7374.0,1700,90,1630,2016,7,6,27
70,9492.0,1700,90,1630,2016,7,0,28
52,8130.0,1700,90,1648,2016,7,1,28
48,9012.0,1700,90,1652,2016,7,2,28
48,9228.0,1700,90,1652,2016,7,3,28
54,7626.0,1700,90,1646,2016,7,4,28
58,6234.0,1700,90,1642,2016,7,5,28
63,5592.0,1700,90,1637,2016,7,6,28
67,7452.0,1700,90,1633,2016,7,0,29
62,6744.0,1700,90,1638,2016,7,1,29
69,6870.0,1700,90,1631,2016,7,2,29
73,6924.0,1700,90,1627,2016,7,3,29
67,8844.0,1700,90,1633,2016,7,4,29
63,6450.0,1700,90,1637,2016,7,5,29
60,5892.0,1700,90,1640,2016,7,6,29
62,7368.0,1700,90,1638,2016,7,0,30
53,7488.0,1700,90,1647,2016,7,1,30
49,6684.0,1700,90,1651,2016,7,2,30
51,7062.0,1700,90,1649,2016,7,3,30
50,6978.0,1700,90,1650,2016,7,4,30
49,6480.0,1700,90,1651,2016,7,5,30
51,6210.0,1700,90,1649,2016,7,6,30
53,10536.0,1700,90,1647,2016,8,0,31
51,10392.0,1700,90,1649,2016,8,1,31
49,9516.0,1700,90,1651,2016,8,2,31
52,9840.0,1700,90,1648,2016,8,3,31
49,9258.0,1700,90,1651,2016,8,4,31
44,9006.0,1700,90,1656,2016,8,5,31
46,5904.0,1700,90,1654,2016,8,6,31
40,7428.0,1700,90,1660,2016,8,0,32
37,6840.0,1700,90,1663,2016,8,1,32
38,7506.0,1700,90,1662,2016,8,2,32
45,8526.0,1700,90,1655,2016,8,3,32
43,8256.0,1700,90,1657,2016,8,4,32
38,6762.0,1700,90,1662,2016,8,5,32
38,5778.0,1700,90,1662,2016,8,6,32
42,7404.0,1700,90,1658,2016,8,0,33
44,7134.0,1700,90,1656,2016,8,1,33
47,6540.0,1700,90,1653,2016,8,2,33
46,8670.0,1700,90,1654,2016,8,3,33
45,8028.0,1700,90,1655,2016,8,4,33
36,6318.0,1700,90,1664,2016,8,5,33
44,8214.0,1700,90,1656,2016,8,6,33
49,6654.0,1700,90,1651,2016,8,0,34
48,8082.0,1700,90,1652,2016,8,1,34
49,8430.0,1700,90,1651,2016,8,2,34
52,7140.0,1700,90,1648,2016,8,3,34
55,8082.0,1700,90,1645,2016,8,4,34
48,7626.0,1700,90,1652,2016,8,5,34
49,6990.0,1700,90,1651,2016,8,6,34
60,6840.0,1700,90,1640,2016,8,0,35
59,8592.0,1700,90,1641,2016,8,1,35
54,8886.0,1700,90,1646,2016,8,2,35
52,9318.0,1700,90,1648,2016,9,3,35
61,9366.0,1700,90,1639,2016,9,4,35
55,7380.0,1700,90,1645,2016,9,5,35
69,7536.0,1700,90,1631,2016,9,6,35
73,7548.0,1700,90,1627,2016,9,0,36
67,7560.0,1700,90,1633,2016,9,1,36
64,8568.0,1700,90,1636,2016,9,2,36
67,8748.0,1700,90,1633,2016,9,3,36
62,6582.0,1700,90,1638,2016,9,4,36
59,7374.0,1700,90,1641,2016,9,5,36
68,8202.0,1700,90,1632,2016,9,6,36
72,6564.0,1700,90,1628,2016,9,0,37
65,7230.0,1700,90,1635,2016,9,1,37
68,8514.0,1700,90,1632,2016,9,2,37
75,8280.0,1700,90,1625,2016,9,3,37
71,7824.0,1700,90,1629,2016,9,4,37
74,6660.0,1700,90,1626,2016,9,5,37
81,6126.0,1700,90,1619,2016,9,6,37
75,7926.0,1700,90,1625,2016,9,0,38
72,7362.0,1700,90,1628,2016,9,1,38
80,8532.0,1700,90,1620,2016,9,2,38
77,8286.0,1700,90,1623,2016,9,3,38
76,5808.0,1700,90,1624,2016,9,4,38
71,7842.0,1700,90,1629,2016,9,5,38
79,5328.0,1700,90,1621,2016,9,6,38
80,8550.0,1700,90,1620,2016,9,0,39
90,7638.0,1700,90,1610,2016,9,1,39
89,6924.0,1700,90,1611,2016,9,2,39
89,8172.0,1700,90,1611,2016,9,3,39
91,8520.0,1700,90,1609,2016,9,4,39
72,6492.0,1700,90,1628,2016,10,5,39
77,7872.0,1700,90,1623,2016,10,6,39
83,8004.0,1700,90,1617,2016,10,0,40
85,7398.0,1700,90,1615,2016,10,1,40
83,8136.0,1700,90,1617,2016,10,2,40
77,7020.0,1700,90,1623,2016,10,3,40
84,6072.0,1700,90,1616,2016,10,4,40
77,7176.0,1700,90,1623,2016,10,5,40
81,7842.0,1700,90,1619,2016,10,6,40
91,7818.0,1700,90,1609,2016,10,0,41
80,7908.0,1700,90,1620,2016,10,1,41
81,6396.0,1700,90,1619,2016,10,2,41
84,6930.0,1700,90,1616,2016,10,3,41
90,7728.0,1700,90,1610,2016,10,4,41
86,6954.0,1700,90,1614,2016,10,5,41
86,7614.0,1700,90,1614,2016,10,6,41
90,6666.0,1700,90,1610,2016,10,0,42
78,7200.0,1700,90,1622,2016,10,1,42
75,8094.0,1700,90,1625,2016,10,2,42
73,7440.0,1700,90,1627,2016,10,3,42
77,6234.0,1700,90,1623,2016,10,4,42
75,6660.0,1700,90,1625,2016,10,5,42
70,5004.0,1700,90,1630,2016,10,6,42
73,8544.0,1700,90,1627,2016,10,0,43
59,6204.0,1700,90,1641,2016,10,1,43
57,6108.0,1700,90,1643,2016,10,2,43
60,6366.0,1700,90,1640,2016,10,3,43
61,5430.0,1700,90,1639,2016,10,4,43
50,7980.0,1700,90,1650,2016,10,5,43
59,5730.0,1700,90,1641,2016,10,6,43
71,5874.0,1700,90,1629,2016,10,0,44
65,9600.0,1700,90,1635,2016,11,1,44
66,6576.0,1700,90,1634,2016,11,2,44
62,8352.0,1700,90,1638,2016,11,3,44
62,6984.0,1700,90,1638,2016,11,4,44
47,5562.0,1700,90,1653,2016,11,5,44
48,6366.0,1700,90,1652,2016,11,6,44
57,7098.0,1700,90,1643,2016,11,0,45
57,6552.0,1700,90,1643,2016,11,1,45
55,6966.0,1700,90,1645,2016,11,2,45
55,5730.0,1700,90,1645,2016,11,3,45
57,7110.0,1700,90,1643,2016,11,4,45
44,7140.0,1700,90,1656,2016,11,5,45
48,6072.0,1700,90,1652,2016,11,6,45
58,7710.0,1700,90,1642,2016,11,0,46
64,8190.0,1700,90,1636,2016,11,1,46
61,5598.0,1700,90,1639,2016,11,2,46
62,6684.0,1700,90,1638,2016,11,3,46
64,6276.0,1700,90,1636,2016,11,4,46
59,5820.0,1700,90,1641,2016,11,5,46
72,5160.0,1700,90,1628,2016,11,6,46
70,7998.0,1700,90,1630,2016,11,0,47
67,6852.0,1700,90,1633,2016,11,1,47
73,8256.0,1700,90,1627,2016,11,2,47
78,7494.0,1700,90,1622,2016,11,3,47
76,7722.0,1700,90,1624,2016,11,4,47
67,6438.0,1700,90,1633,2016,11,5,47
65,5526.0,1700,90,1635,2016,11,6,47
62,6558.0,1700,90,1638,2016,11,0,48
55,6624.0,1700,90,1645,2016,11,1,48
49,6384.0,1700,90,1651,2016,11,2,48
43,6450.0,1700,90,1657,2016,12,3,48
46,8436.0,1700,90,1654,2016,12,4,48
45,5748.0,1700,90,1655,2016,12,5,48
51,5532.0,1700,90,1649,2016,12,6,48
50,7674.0,1700,90,1650,2016,12,0,49
47,7422.0,1700,90,1653,2016,12,1,49
55,7086.0,1700,90,1645,2016,12,2,49
60,6174.0,1700,90,1640,2016,12,3,49
57,6120.0,1700,90,1643,2016,12,4,49
56,6942.0,1700,90,1644,2016,12,5,49
60,7098.0,1700,90,1640,2016,12,6,49
70,7506.0,1700,90,1630,2016,12,0,50
68,7116.0,1700,90,1632,2016,12,1,50
71,5934.0,1700,90,1629,2016,12,2,50
70,5118.0,1700,90,1630,2016,12,3,50
62,5802.0,1700,90,1638,2016,12,4,50
57,6642.0,1700,90,1643,2016,12,5,50
62,4692.0,1700,90,1638,2016,12,6,50
61,6798.0,1700,90,1639,2016,12,0,51
51,6480.0,1700,90,1649,2016,12,1,51
49,5244.0,1700,90,1651,2016,12,2,51
49,6000.0,1700,90,1651,2016,12,3,51
48,5496.0,1700,90,1652,2016,12,4,51
44,5172.0,1700,90,1656,2016,12,5,51
50,6030.0,1700,90,1650,2016,12,6,51
61,6714.0,1700,90,1639,2016,12,0,52
80,6828.0,1700,90,1620,2016,12,1,52
91,6096.0,1700,90,1609,2016,12,2,52
96,7326.0,1700,90,1604,2016,12,3,52
92,5478.0,1700,90,1608,2016,12,4,52
66,5754.0,1700,90,1634,2016,12,5,52
60,6336.0,1800,90,1740,2017,1,6,52
70,8550.0,1800,90,1730,2017,1,0,1
74,8238.0,1800,90,1726,2017,1,1,1
76,7902.0,1800,90,1724,2017,1,2,1
76,8268.0,1800,90,1724,2017,1,3,1
71,6054.0,1800,90,1729,2017,1,4,1
81,7152.0,1800,90,1719,2017,1,5,1
88,6318.0,1800,90,1712,2017,1,6,1
89,5418.0,1800,90,1711,2017,1,0,2
80,5376.0,1800,90,1720,2017,1,1,2
73,5976.0,1800,90,1727,2017,1,2,2
55,6414.0,1800,90,1745,2017,1,3,2
47,5496.0,1800,90,1753,2017,1,4,2
49,4668.0,1800,90,1751,2017,1,5,2
53,4074.0,1800,90,1747,2017,1,6,2
58,6300.0,1800,90,1742,2017,1,0,3
52,6948.0,1800,90,1748,2017,1,1,3
50,4920.0,1800,90,1750,2017,1,2,3
55,4938.0,1800,90,1745,2017,1,3,3
62,6870.0,1800,90,1738,2017,1,4,3
58,5592.0,1800,90,1742,2017,1,5,3
60,6618.0,1800,90,1740,2017,1,6,3
65,7248.0,1800,90,1735,2017,1,0,4
63,5400.0,1800,90,1737,2017,1,1,4
57,4860.0,1800,90,1743,2017,1,2,4
66,5196.0,1800,90,1734,2017,1,3,4
73,6330.0,1800,90,1727,2017,1,4,4
62,5442.0,1800,90,1738,2017,1,5,4
64,5742.0,1800,90,1736,2017,1,6,4
67,7212.0,1800,90,1733,2017,1,0,5
56,5904.0,1800,90,1744,2017,1,1,5
48,6786.0,1800,90,1752,2017,2,2,5
50,8844.0,1800,90,1750,2017,2,3,5
54,7494.0,1800,90,1746,2017,2,4,5
44,6666.0,1800,90,1756,2017,2,5,5
48,5898.0,1800,90,1752,2017,2,6,5
58,8844.0,1800,90,1742,2017,2,0,6
60,6798.0,1800,90,1740,2017,2,1,6
65,8664.0,1800,90,1735,2017,2,2,6
60,6204.0,1800,90,1740,2017,2,3,6
66,7032.0,1800,90,1734,2017,2,4,6
62,7638.0,1800,90,1738,2017,2,5,6
58,7398.0,1800,90,1742,2017,2,6,6
62,5724.0,1800,90,1738,2017,2,0,7
56,6816.0,1800,90,1744,2017,2,1,7
60,5868.0,1800,90,1740,2017,2,2,7
67,7812.0,1800,90,1733,2017,2,3,7
63,7272.0,1800,90,1737,2017,2,4,7
52,7464.0,1800,90,1748,2017,2,5,7
54,5268.0,1800,90,1746,2017,2,6,7
57,5814.0,1800,90,1743,2017,2,0,8
58,5820.0,1800,90,1742,2017,2,1,8
60,7056.0,1800,90,1740,2017,2,2,8
58,8088.0,1800,90,1742,2017,2,3,8
64,6696.0,1800,90,1736,2017,2,4,8
57,5388.0,1800,90,1743,2017,2,5,8
57,5994.0,1800,90,1743,2017,2,6,8
58,6822.0,1800,90,1742,2017,2,0,9
55,7338.0,1800,90,1745,2017,2,1,9
53,10074.0,1800,90,1747,2017,3,2,9
54,9246.0,1800,90,1746,2017,3,3,9
50,8616.0,1800,90,1750,2017,3,4,9
47,6636.0,1800,90,1753,2017,3,5,9
58,6288.0,1800,90,1742,2017,3,6,9
61,8670.0,1800,90,1739,2017,3,0,10
56,6948.0,1800,90,1744,2017,3,1,10
52,8700.0,1800,90,1748,2017,3,2,10
55,9030.0,1800,90,1745,2017,3,3,10
61,8166.0,1800,90,1739,2017,3,4,10
57,7548.0,1800,90,1743,2017,3,5,10
61,6564.0,1800,90,1739,2017,3,6,10
66,6174.0,1800,90,1734,2017,3,0,11
57,7188.0,1800,90,1743,2017,3,1,11
60,7686.0,1800,90,1740,2017,3,2,11
61,6942.0,1800,90,1739,2017,3,3,11
60,5724.0,1800,90,1740,2017,3,4,11
54,7620.0,1800,90,1746,2017,3,5,11
58,6066.0,1800,90,1742,2017,3,6,11
59,6486.0,1800,90,1741,2017,3,0,12
58,8352.0,1800,90,1742,2017,3,1,12
57,8412.0,1800,90,1743,2017,3,2,12
56,7170.0,1800,90,1744,2017,3,3,12
53,6918.0,1800,90,1747,2017,3,4,12
48,6636.0,1800,90,1752,2017,3,5,12
48,6756.0,1800,90,1752,2017,3,6,12
56,8856.0,1800,90,1744,2017,3,0,13
56,8688.0,1800,90,1744,2017,3,1,13
59,8112.0,1800,90,1741,2017,3,2,13
58,7728.0,1800,90,1742,2017,3,3,13
58,8394.0,1800,90,1742,2017,3,4,13
45,9774.0,1800,90,1755,2017,4,5,13
45,6630.0,1800,90,1755,2017,4,6,13
49,10170.0,1800,90,1751,2017,4,0,14
52,9324.0,1800,90,1748,2017,4,1,14
48,7770.0,1800,90,1752,2017,4,2,14
43,7284.0,1800,90,1757,2017,4,3,14
38,8970.0,1800,90,1762,2017,4,4,14
44,8844.0,1800,90,1756,2017,4,5,14
41,6084.0,1800,90,1759,2017,4,6,14
45,9300.0,1800,90,1755,2017,4,0,15
46,7962.0,1800,90,1754,2017,4,1,15
46,8466.0,1800,90,1754,2017,4,2,15
55,6360.0,1800,90,1745,2017,4,3,15
53,8220.0,1800,90,1747,2017,4,4,15
53,6876.0,1800,90,1747,2017,4,5,15
54,7086.0,1800,90,1746,2017,4,6,15
59,9048.0,1800,90,1741,2017,4,0,16
60,7932.0,1800,90,1740,2017,4,1,16
67,8574.0,1800,90,1733,2017,4,2,16
72,8016.0,1800,90,1728,2017,4,3,16
69,8400.0,1800,90,1731,2017,4,4,16
61,8478.0,1800,90,1739,2017,4,5,16
71,7194.0,1800,90,1729,2017,4,6,16
68,8184.0,1800,90,1732,2017,4,0,17
69,8352.0,1800,90,1731,2017,4,1,17
61,8874.0,1800,90,1739,2017,4,2,17
61,7368.0,1800,90,1739,2017,4,3,17
63,7230.0,1800,90,1737,2017,4,4,17
59,6468.0,1800,90,1741,2017,4,5,17
62,6984.0,1800,90,1738,2017,4,6,17
64,10218.0,1800,90,1736,2017,5,0,18
69,8376.0,1800,90,1731,2017,5,1,18
65,10050.0,1800,90,1735,2017,5,2,18
64,9582.0,1800,90,1736,2017,5,3,18
63,7140.0,1800,90,1737,2017,5,4,18
54,9270.0,1800,90,1746,2017,5,5,18
61,6966.0,1800,90,1739,2017,5,6,18
59,8616.0,1800,90,1741,2017,5,0,19
54,9444.0,1800,90,1746,2017,5,1,19
55,9066.0,1800,90,1745,2017,5,2,19
55,8862.0,1800,90,1745,2017,5,3,19
55,9420.0,1800,90,1745,2017,5,4,19
54,7914.0,1800,90,1746,2017,5,5,19
65,8592.0,1800,90,1735,2017,5,6,19
77,8256.0,1800,90,1723,2017,5,0,20
70,8178.0,1800,90,1730,2017,5,1,20
70,6876.0,1800,90,1730,2017,5,2,20
62,7242.0,1800,90,1738,2017,5,3,20
55,7746.0,1800,90,1745,2017,5,4,20
45,6534.0,1800,90,1755,2017,5,5,20
48,6066.0,1800,90,1752,2017,5,6,20
61,8766.0,1800,90,1739,2017,5,0,21
54,9606.0,1800,90,1746,2017,5,1,21
51,8142.0,1800,90,1749,2017,5,2,21
52,6750.0,1800,90,1748,2017,5,3,21
58,7062.0,1800,90,1742,2017,5,4,21
51,7290.0,1800,90,1749,2017,5,5,21
58,8538.0,1800,90,1742,2017,5,6,21
57,8112.0,1800,90,1743,2017,5,0,22
55,7098.0,1800,90,1745,2017,5,1,22
52,9294.0,1800,90,1748,2017,5,2,22
54,10830.0,1800,90,1746,2017,6,3,22
57,9840.0,1800,90,1743,2017,6,4,22
56,7296.0,1800,90,1744,2017,6,5,22
48,8136.0,1800,90,1752,2017,6,6,22
56,9876.0,1800,90,1744,2017,6,0,23
61,8268.0,1800,90,1739,2017,6,1,23
58,9630.0,1800,90,1742,2017,6,2,23
54,9186.0,1800,90,1746,2017,6,3,23
56,6924.0,1800,90,1744,2017,6,4,23
54,9312.0,1800,90,1746,2017,6,5,23
54,7812.0,1800,90,1746,2017,6,6,23
56,9174.0,1800,90,1744,2017,6,0,24
56,9852.0,1800,90,1744,2017,6,1,24
55,8376.0,1800,90,1745,2017,6,2,24
45,7452.0,1800,90,1755,2017,6,3,24
50,7728.0,1800,90,1750,2017,6,4,24
52,7596.0,1800,90,1748,2017,6,5,24
64,6540.0,1800,90,1736,2017,6,6,24
63,8370.0,1800,90,1737,2017,6,0,25
59,8490.0,1800,90,1741,2017,6,1,25
60,8892.0,1800,90,1740,2017,6,2,25
53,8598.0,1800,90,1747,2017,6,3,25
55,6942.0,1800,90,1745,2017,6,4,25
57,7662.0,1800,90,1743,2017,6,5,25
63,6054.0,1800,90,1737,2017,6,6,25
64,7620.0,1800,90,1736,2017,6,0,26
53,7764.0,1800,90,1747,2017,6,1,26
54,8040.0,1800,90,1746,2017,6,2,26
57,8160.0,1800,90,1743,2017,6,3,26
59,9060.0,1800,90,1741,2017,6,4,26
51,8352.0,1800,90,1749,2017,7,5,26
50,7860.0,1800,90,1750,2017,7,6,26
60,8802.0,1800,90,1740,2017,7,0,27
48,9228.0,1800,90,1752,2017,7,1,27
49,10398.0,1800,90,1751,2017,7,2,27
46,7578.0,1800,90,1754,2017,7,3,27
44,7314.0,1800,90,1756,2017,7,4,27
43,7398.0,1800,90,1757,2017,7,5,27
46,7878.0,1800,90,1754,2017,7,6,27
49,7200.0,1800,90,1751,2017,7,0,28
47,7872.0,1800,90,1753,2017,7,1,28
49,7524.0,1800,90,1751,2017,7,2,28
53,6960.0,1800,90,1747,2017,7,3,28
59,9354.0,1800,90,1741,2017,7,4,28
62,8808.0,1800,90,1738,2017,7,5,28
71,8982.0,1800,90,1729,2017,7,6,28
69,9336.0,1800,90,1731,2017,7,0,29
66,9624.0,1800,90,1734,2017,7,1,29
59,9534.0,1800,90,1741,2017,7,2,29
56,7152.0,1800,90,1744,2017,7,3,29
54,8052.0,1800,90,1746,2017,7,4,29
51,8190.0,1800,90,1749,2017,7,5,29
55,7686.0,1800,90,1745,2017,7,6,29
62,7530.0,1800,90,1738,2017,7,0,30
59,8400.0,1800,90,1741,2017,7,1,30
61,7956.0,1800,90,1739,2017,7,2,30
55,8400.0,1800,90,1745,2017,7,3,30
56,7104.0,1800,90,1744,2017,7,4,30
52,8724.0,1800,90,1748,2017,7,5,30
52,6324.0,1800,90,1748,2017,7,6,30
73,7818.0,1800,90,1727,2017,7,0,31
63,10476.0,1800,90,1737,2017,8,1,31
63,10068.0,1800,90,1737,2017,8,2,31
68,9372.0,1800,90,1732,2017,8,3,31
66,7506.0,1800,90,1734,2017,8,4,31
64,9672.0,1800,90,1736,2017,8,5,31
70,6654.0,1800,90,1730,2017,8,6,31
68,9174.0,1800,90,1732,2017,8,0,32
63,9186.0,1800,90,1737,2017,8,1,32
57,8712.0,1800,90,1743,2017,8,2,32
57,8016.0,1800,90,1743,2017,8,3,32
66,9426.0,1800,90,1734,2017,8,4,32
62,7548.0,1800,90,1738,2017,8,5,32
66,6408.0,1800,90,1734,2017,8,6,32
65,9360.0,1800,90,1735,2017,8,0,33
69,8844.0,1800,90,1731,2017,8,1,33
66,9114.0,1800,90,1734,2017,8,2,33
59,9006.0,1800,90,1741,2017,8,3,33
61,8796.0,1800,90,1739,2017,8,4,33
52,8748.0,1800,90,1748,2017,8,5,33
61,8406.0,1800,90,1739,2017,8,6,33
66,8316.0,1800,90,1734,2017,8,0,34
76,8556.0,1800,90,1724,2017,8,1,34
74,7602.0,1800,90,1726,2017,8,2,34
72,9156.0,1800,90,1728,2017,8,3,34
75,7092.0,1800,90,1725,2017,8,4,34
72,8880.0,1800,90,1728,2017,8,5,34
68,7386.0,1800,90,1732,2017,8,6,34
73,7566.0,1800,90,1727,2017,8,0,35
66,9546.0,1800,90,1734,2017,8,1,35
62,6924.0,1800,90,1738,2017,8,2,35
69,7710.0,1800,90,1731,2017,8,3,35
78,9210.0,1800,90,1722,2017,9,4,35
67,8922.0,1800,90,1733,2017,9,5,35
66,9228.0,1800,90,1734,2017,9,6,35
75,8178.0,1800,90,1725,2017,9,0,36
76,8280.0,1800,90,1724,2017,9,1,36
83,8010.0,1800,90,1717,2017,9,2,36
93,7338.0,1800,90,1707,2017,9,3,36
89,6978.0,1800,90,1711,2017,9,4,36
89,7584.0,1800,90,1711,2017,9,5,36
88,8586.0,1800,90,1712,2017,9,6,36
90,8070.0,1800,90,1710,2017,9,0,37
78,8076.0,1800,90,1722,2017,9,1,37
88,9654.0,1800,90,1712,2017,9,2,37
82,6666.0,1800,90,1718,2017,9,3,37
88,8604.0,1800,90,1712,2017,9,4,37
74,8964.0,1800,90,1726,2017,9,5,37
79,6168.0,1800,90,1721,2017,9,6,37
78,8946.0,1800,90,1722,2017,9,0,38
86,7224.0,1800,90,1714,2017,9,1,38
92,8064.0,1800,90,1708,2017,9,2,38
101,8514.0,1800,90,1699,2017,9,3,38
106,7794.0,1800,90,1694,2017,9,4,38
93,8922.0,1800,90,1707,2017,9,5,38
94,6768.0,1800,90,1706,2017,9,6,38
93,7116.0,1800,90,1707,2017,9,0,39
80,8670.0,1800,90,1720,2017,9,1,39
76,7836.0,1800,90,1724,2017,9,2,39
73,6690.0,1800,90,1727,2017,9,3,39
83,8808.0,1800,90,1717,2017,9,4,39
77,8304.0,1800,90,1723,2017,9,5,39
81,9414.0,1800,90,1719,2017,10,6,39
82,8484.0,1800,90,1718,2017,10,0,40
88,8664.0,1800,90,1712,2017,10,1,40
96,8820.0,1800,90,1704,2017,10,2,40
86,9852.0,1800,90,1714,2017,10,3,40
89,8232.0,1800,90,1711,2017,10,4,40
81,6426.0,1800,90,1719,2017,10,5,40
91,7014.0,1800,90,1709,2017,10,6,40
95,9564.0,1800,90,1705,2017,10,0,41
91,8670.0,1800,90,1709,2017,10,1,41
88,7854.0,1800,90,1712,2017,10,2,41
92,7050.0,1800,90,1708,2017,10,3,41
88,6468.0,1800,90,1712,2017,10,4,41
75,6972.0,1800,90,1725,2017,10,5,41
88,7908.0,1800,90,1712,2017,10,6,41
96,9054.0,1800,90,1704,2017,10,0,42
94,7728.0,1800,90,1706,2017,10,1,42
93,7518.0,1800,90,1707,2017,10,2,42
93,8472.0,1800,90,1707,2017,10,3,42
97,7434.0,1800,90,1703,2017,10,4,42
96,6966.0,1800,90,1704,2017,10,5,42
95,7062.0,1800,90,1705,2017,10,6,42
89,7596.0,1800,90,1711,2017,10,0,43
81,8346.0,1800,90,1719,2017,10,1,43
78,7608.0,1800,90,1722,2017,10,2,43
77,7854.0,1800,90,1723,2017,10,3,43
73,8502.0,1800,90,1727,2017,10,4,43
64,6462.0,1800,90,1736,2017,10,5,43
119,7764.0,1800,90,1681,2017,10,6,43
64,9258.0,1800,90,1736,2017,10,0,44
64,7200.0,1800,90,1736,2017,10,1,44
57,9930.0,1800,90,1743,2017,11,2,44
60,8766.0,1800,90,1740,2017,11,3,44
62,9468.0,1800,90,1738,2017,11,4,44
49,7650.0,1800,90,1751,2017,11,5,44
61,7086.0,1800,90,1739,2017,11,6,44
64,7494.0,1800,90,1736,2017,11,0,45
64,7638.0,1800,90,1736,2017,11,1,45
58,7128.0,1800,90,1742,2017,11,2,45
73,6360.0,1800,90,1727,2017,11,3,45
68,6930.0,1800,90,1732,2017,11,4,45
64,7170.0,1800,90,1736,2017,11,5,45
61,6360.0,1800,90,1739,2017,11,6,45
61,8610.0,1800,90,1739,2017,11,0,46
63,8322.0,1800,90,1737,2017,11,1,46
68,7206.0,1800,90,1732,2017,11,2,46
65,7182.0,1800,90,1735,2017,11,3,46
73,6870.0,1800,90,1727,2017,11,4,46
65,6294.0,1800,90,1735,2017,11,5,46
67,5724.0,1800,90,1733,2017,11,6,46
70,6126.0,1800,90,1730,2017,11,0,47
70,7740.0,1800,90,1730,2017,11,1,47
62,7674.0,1800,90,1738,2017,11,2,47
59,6048.0,1800,90,1741,2017,11,3,47
60,6402.0,1800,90,1740,2017,11,4,47
52,6444.0,1800,90,1748,2017,11,5,47
62,5532.0,1800,90,1738,2017,11,6,47
72,6042.0,1800,90,1728,2017,11,0,48
70,7632.0,1800,90,1730,2017,11,1,48
67,6150.0,1800,90,1733,2017,11,2,48
67,7620.0,1800,90,1733,2017,11,3,48
69,8082.0,1800,90,1731,2017,12,4,48
62,6030.0,1800,90,1738,2017,12,5,48
66,6312.0,1800,90,1734,2017,12,6,48
76,7158.0,1800,90,1724,2017,12,0,49
71,8406.0,1800,90,1729,2017,12,1,49
66,7644.0,1800,90,1734,2017,12,2,49
69,6954.0,1800,90,1731,2017,12,3,49
59,6714.0,1800,90,1741,2017,12,4,49
57,7338.0,1800,90,1743,2017,12,5,49
66,6390.0,1800,90,1734,2017,12,6,49
68,6162.0,1800,90,1732,2017,12,0,50
67,7602.0,1800,90,1733,2017,12,1,50
69,6450.0,1800,90,1731,2017,12,2,50
79,6480.0,1800,90,1721,2017,12,3,50
83,5556.0,1800,90,1717,2017,12,4,50
74,7620.0,1800,90,1726,2017,12,5,50
75,5364.0,1800,90,1725,2017,12,6,50
83,6096.0,1800,90,1717,2017,12,0,51
82,5988.0,1800,90,1718,2017,12,1,51
78,6714.0,1800,90,1722,2017,12,2,51
83,7800.0,1800,90,1717,2017,12,3,51
81,7062.0,1800,90,1719,2017,12,4,51
65,7152.0,1800,90,1735,2017,12,5,51
57,4854.0,1800,90,1743,2017,12,6,51
60,7692.0,1800,90,1740,2017,12,0,52
62,5814.0,1800,90,1738,2017,12,1,52
76,6558.0,1800,90,1724,2017,12,2,52
81,6978.0,1800,90,1719,2017,12,3,52
75,7494.0,1800,90,1725,2017,12,4,52
71,6432.0,1800,90,1729,2017,12,5,52
71,4908.0,1800,90,1729,2017,12,6,52
64,9006.0,1900,90,1836,2018,1,0,1
75,7224.0,1900,90,1825,2018,1,1,1
74,6480.0,1900,90,1826,2018,1,2,1
80,6756.0,1900,90,1820,2018,1,3,1
80,8436.0,1900,90,1820,2018,1,4,1
76,7506.0,1900,90,1824,2018,1,5,1
81,7476.0,1900,90,1819,2018,1,6,1
90,8412.0,1900,90,1810,2018,1,0,2
83,8202.0,1900,90,1817,2018,1,1,2
82,8460.0,1900,90,1818,2018,1,2,2
80,6834.0,1900,90,1820,2018,1,3,2
82,7374.0,1900,90,1818,2018,1,4,2
73,6642.0,1900,90,1827,2018,1,5,2
84,6756.0,1900,90,1816,2018,1,6,2
90,6804.0,1900,90,1810,2018,1,0,3
90,8040.0,1900,90,1810,2018,1,1,3
83,5742.0,1900,90,1817,2018,1,2,3
86,8034.0,1900,90,1814,2018,1,3,3
93,8088.0,1900,90,1807,2018,1,4,3
78,5808.0,1900,90,1822,2018,1,5,3
85,6864.0,1900,90,1815,2018,1,6,3
75,5514.0,1900,90,1825,2018,1,0,4
66,5838.0,1900,90,1834,2018,1,1,4
69,6486.0,1900,90,1831,2018,1,2,4
68,5334.0,1900,90,1832,2018,1,3,4
65,6618.0,1900,90,1835,2018,1,4,4
65,6864.0,1900,90,1835,2018,1,5,4
73,6390.0,1900,90,1827,2018,1,6,4
80,7416.0,1900,90,1820,2018,1,0,5
81,5484.0,1900,90,1819,2018,1,1,5
84,6438.0,1900,90,1816,2018,1,2,5
70,8400.0,1900,90,1830,2018,2,3,5
77,7938.0,1900,90,1823,2018,2,4,5
63,8616.0,1900,90,1837,2018,2,5,5
71,7686.0,1900,90,1829,2018,2,6,5
70,7548.0,1900,90,1830,2018,2,0,6
69,7416.0,1900,90,1831,2018,2,1,6
69,6960.0,1900,90,1831,2018,2,2,6
73,7962.0,1900,90,1827,2018,2,3,6
66,8310.0,1900,90,1834,2018,2,4,6
56,8010.0,1900,90,1844,2018,2,5,6
66,6606.0,1900,90,1834,2018,2,6,6
75,6576.0,1900,90,1825,2018,2,0,7
58,7410.0,1900,90,1842,2018,2,1,7
64,7038.0,1900,90,1836,2018,2,2,7
60,7176.0,1900,90,1840,2018,2,3,7
75,5868.0,1900,90,1825,2018,2,4,7
64,7788.0,1900,90,1836,2018,2,5,7
65,7284.0,1900,90,1835,2018,2,6,7
67,8076.0,1900,90,1833,2018,2,0,8
67,6678.0,1900,90,1833,2018,2,1,8
75,8784.0,1900,90,1825,2018,2,2,8
68,5958.0,1900,90,1832,2018,2,3,8
71,8634.0,1900,90,1829,2018,2,4,8
71,5868.0,1900,90,1829,2018,2,5,8
79,5634.0,1900,90,1821,2018,2,6,8
79,6066.0,1900,90,1821,2018,2,0,9
80,8544.0,1900,90,1820,2018,2,1,9
85,8880.0,1900,90,1815,2018,2,2,9
78,10152.0,1900,90,1822,2018,3,3,9
80,8802.0,1900,90,1820,2018,3,4,9
72,7980.0,1900,90,1828,2018,3,5,9
74,7752.0,1900,90,1826,2018,3,6,9
78,9588.0,1900,90,1822,2018,3,0,10
69,8406.0,1900,90,1831,2018,3,1,10
76,9462.0,1900,90,1824,2018,3,2,10
80,7368.0,1900,90,1820,2018,3,3,10
87,7782.0,1900,90,1813,2018,3,4,10
76,8196.0,1900,90,1824,2018,3,5,10
68,7704.0,1900,90,1832,2018,3,6,10
68,9072.0,1900,90,1832,2018,3,0,11
68,9480.0,1900,90,1832,2018,3,1,11
78,7134.0,1900,90,1822,2018,3,2,11
84,9306.0,1900,90,1816,2018,3,3,11
82,7602.0,1900,90,1818,2018,3,4,11
72,7932.0,1900,90,1828,2018,3,5,11
74,7920.0,1900,90,1826,2018,3,6,11
76,8646.0,1900,90,1824,2018,3,0,12
88,6708.0,1900,90,1812,2018,3,1,12
94,8166.0,1900,90,1806,2018,3,2,12
88,7116.0,1900,90,1812,2018,3,3,12
100,7290.0,1900,90,1800,2018,3,4,12
84,6612.0,1900,90,1816,2018,3,5,12
83,7248.0,1900,90,1817,2018,3,6,12
74,7680.0,1900,90,1826,2018,3,0,13
70,7470.0,1900,90,1830,2018,3,1,13
69,6876.0,1900,90,1831,2018,3,2,13
81,8190.0,1900,90,1819,2018,3,3,13
89,8526.0,1900,90,1811,2018,3,4,13
72,8010.0,1900,90,1828,2018,3,5,13
64,9522.0,1900,90,1836,2018,4,6,13
58,9642.0,1900,90,1842,2018,4,0,14
65,9048.0,1900,90,1835,2018,4,1,14
62,10566.0,1900,90,1838,2018,4,2,14
65,7932.0,1900,90,1835,2018,4,3,14
67,9654.0,1900,90,1833,2018,4,4,14
68,8202.0,1900,90,1832,2018,4,5,14
70,8268.0,1900,90,1830,2018,4,6,14
74,9438.0,1900,90,1826,2018,4,0,15
66,8580.0,1900,90,1834,2018,4,1,15
70,7686.0,1900,90,1830,2018,4,2,15
73,10080.0,1900,90,1827,2018,4,3,15
72,8454.0,1900,90,1828,2018,4,4,15
64,8490.0,1900,90,1836,2018,4,5,15
65,7782.0,1900,90,1835,2018,4,6,15
60,8160.0,1900,90,1840,2018,4,0,16
56,10068.0,1900,90,1844,2018,4,1,16
64,8352.0,1900,90,1836,2018,4,2,16
64,7080.0,1900,90,1836,2018,4,3,16
61,9534.0,1900,90,1839,2018,4,4,16
57,9288.0,1900,90,1843,2018,4,5,16
58,8760.0,1900,90,1842,2018,4,6,16
57,8136.0,1900,90,1843,2018,4,0,17
52,8412.0,1900,90,1848,2018,4,1,17
55,9174.0,1900,90,1845,2018,4,2,17
58,9522.0,1900,90,1842,2018,4,3,17
55,8220.0,1900,90,1845,2018,4,4,17
54,8178.0,1900,90,1846,2018,4,5,17
55,8412.0,1900,90,1845,2018,4,6,17
60,9504.0,1900,90,1840,2018,4,0,18
65,9714.0,1900,90,1835,2018,5,1,18
74,8880.0,1900,90,1826,2018,5,2,18
78,8652.0,1900,90,1822,2018,5,3,18
76,9078.0,1900,90,1824,2018,5,4,18
71,9642.0,1900,90,1829,2018,5,5,18
72,9882.0,1900,90,1828,2018,5,6,18
70,10320.0,1900,90,1830,2018,5,0,19
55,9078.0,1900,90,1845,2018,5,1,19
53,8358.0,1900,90,1847,2018,5,2,19
53,8562.0,1900,90,1847,2018,5,3,19
55,8268.0,1900,90,1845,2018,5,4,19
49,9432.0,1900,90,1851,2018,5,5,19
56,8190.0,1900,90,1844,2018,5,6,19
63,8244.0,1900,90,1837,2018,5,0,20
63,7992.0,1900,90,1837,2018,5,1,20
60,9480.0,1900,90,1840,2018,5,2,20
66,7518.0,1900,90,1834,2018,5,3,20
68,9942.0,1900,90,1832,2018,5,4,20
73,6822.0,1900,90,1827,2018,5,5,20
78,8460.0,1900,90,1822,2018,5,6,20
78,9654.0,1900,90,1822,2018,5,0,21
83,8442.0,1900,90,1817,2018,5,1,21
80,7422.0,1900,90,1820,2018,5,2,21
90,8814.0,1900,90,1810,2018,5,3,21
102,7572.0,1900,90,1798,2018,5,4,21
89,8136.0,1900,90,1811,2018,5,5,21
88,7428.0,1900,90,1812,2018,5,6,21
80,8862.0,1900,90,1820,2018,5,0,22
70,8226.0,1900,90,1830,2018,5,1,22
68,8064.0,1900,90,1832,2018,5,2,22
67,7392.0,1900,90,1833,2018,5,3,22
66,10752.0,1900,90,1834,2018,6,4,22
60,8766.0,1900,90,1840,2018,6,5,22
71,9834.0,1900,90,1829,2018,6,6,22
80,11370.0,1900,90,1820,2018,6,0,23
71,10020.0,1900,90,1829,2018,6,1,23
77,9180.0,1900,90,1823,2018,6,2,23
77,8718.0,1900,90,1823,2018,6,3,23
78,8208.0,1900,90,1822,2018,6,4,23
79,9318.0,1900,90,1821,2018,6,5,23
90,7068.0,1900,90,1810,2018,6,6,23
78,9012.0,1900,90,1822,2018,6,0,24
72,10380.0,1900,90,1828,2018,6,1,24
80,10638.0,1900,90,1820,2018,6,2,24
78,8826.0,1900,90,1822,2018,6,3,24
85,8994.0,1900,90,1815,2018,6,4,24
82,8196.0,1900,90,1818,2018,6,5,24
89,7488.0,1900,90,1811,2018,6,6,24
86,8382.0,1900,90,1814,2018,6,0,25
85,10452.0,1900,90,1815,2018,6,1,25
90,9060.0,1900,90,1810,2018,6,2,25
90,7902.0,1900,90,1810,2018,6,3,25
91,7356.0,1900,90,1809,2018,6,4,25
86,9600.0,1900,90,1814,2018,6,5,25
86,8148.0,1900,90,1814,2018,6,6,25
100,10122.0,1900,90,1800,2018,6,0,26
85,9948.0,1900,90,1815,2018,6,1,26
86,8070.0,1900,90,1814,2018,6,2,26
82,9588.0,1900,90,1818,2018,6,3,26
89,9510.0,1900,90,1811,2018,6,4,26
90,7692.0,1900,90,1810,2018,6,5,26
81,9240.0,1900,90,1819,2018,7,6,26
80,10416.0,1900,90,1820,2018,7,0,27
70,8694.0,1900,90,1830,2018,7,1,27
60,8844.0,1900,90,1840,2018,7,2,27
63,8544.0,1900,90,1837,2018,7,3,27
71,9462.0,1900,90,1829,2018,7,4,27
72,9420.0,1900,90,1828,2018,7,5,27
78,8418.0,1900,90,1822,2018,7,6,27
83,9336.0,1900,90,1817,2018,7,0,28
78,9768.0,1900,90,1822,2018,7,1,28
84,9348.0,1900,90,1816,2018,7,2,28
80,10572.0,1900,90,1820,2018,7,3,28
66,9300.0,1900,90,1834,2018,7,4,28
66,10050.0,1900,90,1834,2018,7,5,28
73,8742.0,1900,90,1827,2018,7,6,28
70,9960.0,1900,90,1830,2018,7,0,29
62,9210.0,1900,90,1838,2018,7,1,29
65,9354.0,1900,90,1835,2018,7,2,29
75,9378.0,1900,90,1825,2018,7,3,29
72,7740.0,1900,90,1828,2018,7,4,29
65,8550.0,1900,90,1835,2018,7,5,29
62,6978.0,1900,90,1838,2018,7,6,29
69,8148.0,1900,90,1831,2018,7,0,30
69,9396.0,1900,90,1831,2018,7,1,30
69,8586.0,1900,90,1831,2018,7,2,30
78,8322.0,1900,90,1822,2018,7,3,30
82,7872.0,1900,90,1818,2018,7,4,30
77,7110.0,1900,90,1823,2018,7,5,30
91,8376.0,1900,90,1809,2018,7,6,30
92,8442.0,1900,90,1808,2018,7,0,31
87,8394.0,1900,90,1813,2018,7,1,31
75,9114.0,1900,90,1825,2018,8,2,31
79,9024.0,1900,90,1821,2018,8,3,31
77,9780.0,1900,90,1823,2018,8,4,31
64,8946.0,1900,90,1836,2018,8,5,31
61,9054.0,1900,90,1839,2018,8,6,31
68,8322.0,1900,90,1832,2018,8,0,32
69,9108.0,1900,90,1831,2018,8,1,32
74,8676.0,1900,90,1826,2018,8,2,32
75,7926.0,1900,90,1825,2018,8,3,32
74,8406.0,1900,90,1826,2018,8,4,32
59,7692.0,1900,90,1841,2018,8,5,32
63,8070.0,1900,90,1837,2018,8,6,32
64,8016.0,1900,90,1836,2018,8,0,33
58,10146.0,1900,90,1842,2018,8,1,33
53,8304.0,1900,90,1847,2018,8,2,33
56,9648.0,1900,90,1844,2018,8,3,33
62,7842.0,1900,90,1838,2018,8,4,33
66,7470.0,1900,90,1834,2018,8,5,33
75,9228.0,1900,90,1825,2018,8,6,33
79,8304.0,1900,90,1821,2018,8,0,34
71,9996.0,1900,90,1829,2018,8,1,34
79,9354.0,1900,90,1821,2018,8,2,34
83,9786.0,1900,90,1817,2018,8,3,34
89,9072.0,1900,90,1811,2018,8,4,34
82,9558.0,1900,90,1818,2018,8,5,34
95,8712.0,1900,90,1805,2018,8,6,34
90,9138.0,1900,90,1810,2018,8,0,35
92,8652.0,1900,90,1808,2018,8,1,35
80,8064.0,1900,90,1820,2018,8,2,35
77,8244.0,1900,90,1823,2018,8,3,35
87,9780.0,1900,90,1813,2018,8,4,35
84,10644.0,1900,90,1816,2018,9,5,35
83,10002.0,1900,90,1817,2018,9,6,35
85,10656.0,1900,90,1815,2018,9,0,36
80,9270.0,1900,90,1820,2018,9,1,36
82,10752.0,1900,90,1818,2018,9,2,36
88,9966.0,1900,90,1812,2018,9,3,36
91,9336.0,1900,90,1809,2018,9,4,36
85,8970.0,1900,90,1815,2018,9,5,36
94,8622.0,1900,90,1806,2018,9,6,36
102,7896.0,1900,90,1798,2018,9,0,37
90,9504.0,1900,90,1810,2018,9,1,37
91,9606.0,1900,90,1809,2018,9,2,37
97,8010.0,1900,90,1803,2018,9,3,37
100,7662.0,1900,90,1800,2018,9,4,37
97,7746.0,1900,90,1803,2018,9,5,37
93,9120.0,1900,90,1807,2018,9,6,37
90,7680.0,1900,90,1810,2018,9,0,38
89,8892.0,1900,90,1811,2018,9,1,38
107,8040.0,1900,90,1793,2018,9,2,38
116,8784.0,1900,90,1784,2018,9,3,38
116,9108.0,1900,90,1784,2018,9,4,38
102,9438.0,1900,90,1798,2018,9,5,38
104,6420.0,1900,90,1796,2018,9,6,38
104,8700.0,1900,90,1796,2018,9,0,39
106,9228.0,1900,90,1794,2018,9,1,39
104,8364.0,1900,90,1796,2018,9,2,39
106,7800.0,1900,90,1794,2018,9,3,39
114,7278.0,1900,90,1786,2018,9,4,39
100,7224.0,1900,90,1800,2018,9,5,39
102,7734.0,1900,90,1798,2018,9,6,39
100,9456.0,1900,90,1800,2018,10,0,40
89,9036.0,1900,90,1811,2018,10,1,40
94,8592.0,1900,90,1806,2018,10,2,40
93,10188.0,1900,90,1807,2018,10,3,40
92,8964.0,1900,90,1808,2018,10,4,40
77,7764.0,1900,90,1823,2018,10,5,40
85,7518.0,1900,90,1815,2018,10,6,40
93,9990.0,1900,90,1807,2018,10,0,41
97,9870.0,1900,90,1803,2018,10,1,41
97,7896.0,1900,90,1803,2018,10,2,41
103,7302.0,1900,90,1797,2018,10,3,41
106,7506.0,1900,90,1794,2018,10,4,41
93,9318.0,1900,90,1807,2018,10,5,41
99,8124.0,1900,90,1801,2018,10,6,41
102,7194.0,1900,90,1798,2018,10,0,42
97,9300.0,1900,90,1803,2018,10,1,42
97,9834.0,1900,90,1803,2018,10,2,42
100,8874.0,1900,90,1800,2018,10,3,42
109,6852.0,1900,90,1791,2018,10,4,42
98,6816.0,1900,90,1802,2018,10,5,42
103,8832.0,1900,90,1797,2018,10,6,42
102,7968.0,1900,90,1798,2018,10,0,43
98,9468.0,1900,90,1802,2018,10,1,43
90,7074.0,1900,90,1810,2018,10,2,43
78,7512.0,1900,90,1822,2018,10,3,43
81,7092.0,1900,90,1819,2018,10,4,43
79,8766.0,1900,90,1821,2018,10,5,43
87,7710.0,1900,90,1813,2018,10,6,43
93,7662.0,1900,90,1807,2018,10,0,44
82,7164.0,1900,90,1818,2018,10,1,44
85,8502.0,1900,90,1815,2018,10,2,44
77,9174.0,1900,90,1823,2018,11,3,44
75,10140.0,1900,90,1825,2018,11,4,44
70,7806.0,1900,90,1830,2018,11,5,44
72,9168.0,1900,90,1828,2018,11,6,44
75,7752.0,1900,90,1825,2018,11,0,45
62,9132.0,1900,90,1838,2018,11,1,45
57,7638.0,1900,90,1843,2018,11,2,45
58,7188.0,1900,90,1842,2018,11,3,45
66,7722.0,1900,90,1834,2018,11,4,45
60,9150.0,1900,90,1840,2018,11,5,45
67,8880.0,1900,90,1833,2018,11,6,45
75,7614.0,1900,90,1825,2018,11,0,46
63,8322.0,1900,90,1837,2018,11,1,46
61,7614.0,1900,90,1839,2018,11,2,46
66,7146.0,1900,90,1834,2018,11,3,46
78,6558.0,1900,90,1822,2018,11,4,46
71,6882.0,1900,90,1829,2018,11,5,46
74,8610.0,1900,90,1826,2018,11,6,46
88,9120.0,1900,90,1812,2018,11,0,47
79,7200.0,1900,90,1821,2018,11,1,47
72,8034.0,1900,90,1828,2018,11,2,47
72,9060.0,1900,90,1828,2018,11,3,47
73,6690.0,1900,90,1827,2018,11,4,47
63,7812.0,1900,90,1837,2018,11,5,47
74,7740.0,1900,90,1826,2018,11,6,47
72,8046.0,1900,90,1828,2018,11,0,48
81,6810.0,1900,90,1819,2018,11,1,48
78,8598.0,1900,90,1822,2018,11,2,48
78,7716.0,1900,90,1822,2018,11,3,48
91,7518.0,1900,90,1809,2018,11,4,48
72,9678.0,1900,90,1828,2018,12,5,48
79,7812.0,1900,90,1821,2018,12,6,48
88,9486.0,1900,90,1812,2018,12,0,49
90,7896.0,1900,90,1810,2018,12,1,49
85,8076.0,1900,90,1815,2018,12,2,49
81,8220.0,1900,90,1819,2018,12,3,49
84,8268.0,1900,90,1816,2018,12,4,49
73,8292.0,1900,90,1827,2018,12,5,49
74,6024.0,1900,90,1826,2018,12,6,49
87,8616.0,1900,90,1813,2018,12,0,50
88,6942.0,1900,90,1812,2018,12,1,50
95,6516.0,1900,90,1805,2018,12,2,50
101,8010.0,1900,90,1799,2018,12,3,50
85,6552.0,1900,90,1815,2018,12,4,50
72,6102.0,1900,90,1828,2018,12,5,50
83,5850.0,1900,90,1817,2018,12,6,50
94,8532.0,1900,90,1806,2018,12,0,51
94,8238.0,1900,90,1806,2018,12,1,51
100,8982.0,1900,90,1800,2018,12,2,51
95,7620.0,1900,90,1805,2018,12,3,51
106,5844.0,1900,90,1794,2018,12,4,51
85,5904.0,1900,90,1815,2018,12,5,51
76,6684.0,1900,90,1824,2018,12,6,51
59,7392.0,1900,90,1841,2018,12,0,52
58,7008.0,1900,90,1842,2018,12,1,52
63,6744.0,1900,90,1837,2018,12,2,52
74,8316.0,1900,90,1826,2018,12,3,52
78,8652.0,1900,90,1822,2018,12,4,52
76,6006.0,1900,90,1824,2018,12,5,52
78,6120.0,1900,90,1822,2018,12,6,52
75,6318.0,1900,90,1825,2018,12,0,1
57,8382.0,1900,90,1843,2019,1,1,1
82,9672.0,1900,90,1818,2019,1,2,1
83,7404.0,1900,90,1817,2019,1,3,1
83,9240.0,1900,90,1817,2019,1,4,1
73,7746.0,1900,90,1827,2019,1,5,1
75,7266.0,1900,90,1825,2019,1,6,1
78,6798.0,1900,90,1822,2019,1,0,2
79,8952.0,1900,90,1821,2019,1,1,2
81,8934.0,1900,90,1819,2019,1,2,2
74,8454.0,1900,90,1826,2019,1,3,2
85,8544.0,1900,90,1815,2019,1,4,2
71,7824.0,1900,90,1829,2019,1,5,2
71,7002.0,1900,90,1829,2019,1,6,2
75,8118.0,1900,90,1825,2019,1,0,3
71,7152.0,1900,90,1829,2019,1,1,3
72,9240.0,1900,90,1828,2019,1,2,3
75,7332.0,1900,90,1825,2019,1,3,3
71,7254.0,1900,90,1829,2019,1,4,3
58,8166.0,1900,90,1842,2019,1,5,3
70,7440.0,1900,90,1830,2019,1,6,3
72,8430.0,1900,90,1828,2019,1,0,4
72,8196.0,1900,90,1828,2019,1,1,4
72,8850.0,1900,90,1828,2019,1,2,4
73,6258.0,1900,90,1827,2019,1,3,4
71,7284.0,1900,90,1829,2019,1,4,4
69,5760.0,1900,90,1831,2019,1,5,4
70,7512.0,1900,90,1830,2019,1,6,4
80,8994.0,1900,90,1820,2019,1,0,5
74,8532.0,1900,90,1826,2019,1,1,5
76,6354.0,1900,90,1824,2019,1,2,5
85,6276.0,1900,90,1815,2019,1,3,5
75,8292.0,1900,90,1825,2019,2,4,5
56,7512.0,1900,90,1844,2019,2,5,5
51,9012.0,1900,90,1849,2019,2,6,5
58,10710.0,1900,90,1842,2019,2,0,6
49,9204.0,1900,90,1851,2019,2,1,6
57,8994.0,1900,90,1843,2019,2,2,6
61,9984.0,1900,90,1839,2019,2,3,6
54,8226.0,1900,90,1846,2019,2,4,6
49,6924.0,1900,90,1851,2019,2,5,6
51,7566.0,1900,90,1849,2019,2,6,6
55,7656.0,1900,90,1845,2019,2,0,7
57,8508.0,1900,90,1843,2019,2,1,7
62,7302.0,1900,90,1838,2019,2,2,7
55,7086.0,1900,90,1845,2019,2,3,7
64,7002.0,1900,90,1836,2019,2,4,7
68,9036.0,1900,90,1832,2019,2,5,7
80,6126.0,1900,90,1820,2019,2,6,7
81,7764.0,1900,90,1819,2019,2,0,8
81,7638.0,1900,90,1819,2019,2,1,8
80,6972.0,1900,90,1820,2019,2,2,8
82,9480.0,1900,90,1818,2019,2,3,8
85,9318.0,1900,90,1815,2019,2,4,8
69,9042.0,1900,90,1831,2019,2,5,8
71,6384.0,1900,90,1829,2019,2,6,8
72,9324.0,1900,90,1828,2019,2,0,9
68,8568.0,1900,90,1832,2019,2,1,9
67,9522.0,1900,90,1833,2019,2,2,9
57,6762.0,1900,90,1843,2019,2,3,9
60,10608.0,1900,90,1840,2019,3,4,9
60,10620.0,1900,90,1840,2019,3,5,9
65,10026.0,1900,90,1835,2019,3,6,9
67,9906.0,1900,90,1833,2019,3,0,10
62,9312.0,1900,90,1838,2019,3,1,10
66,8112.0,1900,90,1834,2019,3,2,10
59,9684.0,1900,90,1841,2019,3,3,10
56,9018.0,1900,90,1844,2019,3,4,10
51,8826.0,1900,90,1849,2019,3,5,10
55,7254.0,1900,90,1845,2019,3,6,10
58,8394.0,1900,90,1842,2019,3,0,11
62,9348.0,1900,90,1838,2019,3,1,11
70,10536.0,1900,90,1830,2019,3,2,11
74,9120.0,1900,90,1826,2019,3,3,11
66,7944.0,1900,90,1834,2019,3,4,11
55,9906.0,1900,90,1845,2019,3,5,11
66,8616.0,1900,90,1834,2019,3,6,11
69,7608.0,1900,90,1831,2019,3,0,12
74,9768.0,1900,90,1826,2019,3,1,12
75,10080.0,1900,90,1825,2019,3,2,12
77,9660.0,1900,90,1823,2019,3,3,12
71,8742.0,1900,90,1829,2019,3,4,12
68,7386.0,1900,90,1832,2019,3,5,12
75,9294.0,1900,90,1825,2019,3,6,12
83,8724.0,1900,90,1817,2019,3,0,13
78,10008.0,1900,90,1822,2019,3,1,13
85,7446.0,1900,90,1815,2019,3,2,13
88,9996.0,1900,90,1812,2019,3,3,13
91,8076.0,1900,90,1809,2019,3,4,13
83,7356.0,1900,90,1817,2019,3,5,13
90,7134.0,1900,90,1810,2019,3,6,13
85,11850.0,1900,90,1815,2019,4,0,14
81,10920.0,1900,90,1819,2019,4,1,14
79,11328.0,1900,90,1821,2019,4,2,14
75,10260.0,1900,90,1825,2019,4,3,14
67,9444.0,1900,90,1833,2019,4,4,14
57,9900.0,1900,90,1843,2019,4,5,14
67,8034.0,1900,90,1833,2019,4,6,14
80,9786.0,1900,90,1820,2019,4,0,15
70,10050.0,1900,90,1830,2019,4,1,15
68,10638.0,1900,90,1832,2019,4,2,15
68,9036.0,1900,90,1832,2019,4,3,15
71,8256.0,1900,90,1829,2019,4,4,15
65,9264.0,1900,90,1835,2019,4,5,15
70,7188.0,1900,90,1830,2019,4,6,15
71,10746.0,1900,90,1829,2019,4,0,16
71,8286.0,1900,90,1829,2019,4,1,16
73,9072.0,1900,90,1827,2019,4,2,16
81,9522.0,1900,90,1819,2019,4,3,16
81,9312.0,1900,90,1819,2019,4,4,16
77,10008.0,1900,90,1823,2019,4,5,16
78,9588.0,1900,90,1822,2019,4,6,16
81,8058.0,1900,90,1819,2019,4,0,17
89,10218.0,1900,90,1811,2019,4,1,17
91,10692.0,1900,90,1809,2019,4,2,17
82,8862.0,1900,90,1818,2019,4,3,17
80,8532.0,1900,90,1820,2019,4,4,17
79,8670.0,1900,90,1821,2019,4,5,17
80,7314.0,1900,90,1820,2019,4,6,17
80,9192.0,1900,90,1820,2019,4,0,18
76,10296.0,1900,90,1824,2019,4,1,18
69,10494.0,1900,90,1831,2019,5,2,18
70,9606.0,1900,90,1830,2019,5,3,18
74,11742.0,1900,90,1826,2019,5,4,18
66,11334.0,1900,90,1834,2019,5,5,18
75,10044.0,1900,90,1825,2019,5,6,18
67,10464.0,1900,90,1833,2019,5,0,19
78,10944.0,1900,90,1822,2019,5,1,19
80,10368.0,1900,90,1820,2019,5,2,19
76,9648.0,1900,90,1824,2019,5,3,19
80,10638.0,1900,90,1820,2019,5,4,19
69,8454.0,1900,90,1831,2019,5,5,19
78,8040.0,1900,90,1822,2019,5,6,19
82,10698.0,1900,90,1818,2019,5,0,20
81,9480.0,1900,90,1819,2019,5,1,20
81,9528.0,1900,90,1819,2019,5,2,20
81,10866.0,1900,90,1819,2019,5,3,20
88,8790.0,1900,90,1812,2019,5,4,20
72,10524.0,1900,90,1828,2019,5,5,20
78,8316.0,1900,90,1822,2019,5,6,20
84,9102.0,1900,90,1816,2019,5,0,21
66,8664.0,1900,90,1834,2019,5,1,21
76,9480.0,1900,90,1824,2019,5,2,21
86,8544.0,1900,90,1814,2019,5,3,21
81,8814.0,1900,90,1819,2019,5,4,21
76,9846.0,1900,90,1824,2019,5,5,21
83,9882.0,1900,90,1817,2019,5,6,21
77,8790.0,1900,90,1823,2019,5,0,22
